Departamento,Municipio
Amazonas,LETICIA
Amazonas,LETICIA
Amazonas,LETICIA
Antioquia,ABEJORRAL
Antioquia,ALEJANDRÍA
Antioquia,AMAGÁ
Antioquia,AMALFI
Antioquia,ANDES
Antioquia,ANGELÓPOLIS
Antioquia,ANGOSTURA
Antioquia,ANORÍ
Antioquia,ANZA
Antioquia,ARBOLETES
Antioquia,ARGELIA
Antioquia,ARMENIA
Antioquia,BARBOSA
Antioquia,BELLO
Antioquia,BELLO
Antioquia,BELLO
Antioquia,BELMIRA
Antioquia,BETANIA
Antioquia,BETULIA
Antioquia,BRICEÑO
Antioquia,BURITICÁ
Antioquia,CÁCERES
Antioquia,CAICEDO
Antioquia,CALDAS
Antioquia,CAMPAMENTO
Antioquia,CAÑASGORDAS
Antioquia,CARACOLÍ
Antioquia,CARAMANTA
Antioquia,CAREPA
Antioquia,CAROLINA
Antioquia,CAUCASIA
Antioquia,CHIGORODÓ
Antioquia,CISNEROS
Antioquia,CIUDAD BOLÍVAR
Antioquia,COCORNÁ
Antioquia,CONCEPCIÓN
Antioquia,CONCORDIA
Antioquia,COPACABANA
Antioquia,DABEIBA
Antioquia,DON MATÍAS
Antioquia,EBÉJICO
Antioquia,EL BAGRE
Antioquia,EL CARMEN DE VIBORAL
Antioquia,EL SANTUARIO
Antioquia,ENTRERRIOS
Antioquia,ENVIGADO
Antioquia,ENVIGADO
Antioquia,ENVIGADO
Antioquia,FREDONIA
Antioquia,FRONTINO
Antioquia,GIRALDO
Antioquia,GIRARDOTA
Antioquia,GÓMEZ PLATA
Antioquia,GRANADA
Antioquia,GUADALUPE
Antioquia,GUARNE
Antioquia,GUATAPE
Antioquia,HELICONIA
Antioquia,HISPANIA
Antioquia,ITAGUI
Antioquia,ITAGUI
Antioquia,ITAGUI
Antioquia,ITUANGO
Antioquia,JARDÍN
Antioquia,JERICÓ
Antioquia,LA CEJA
Antioquia,LA ESTRELLA
Antioquia,LA PINTADA
Antioquia,LA UNIÓN
Antioquia,LIBORINA
Antioquia,MACEO
Antioquia,MARINILLA
Antioquia,MEDELLÍN
Antioquia,MEDELLÍN
Antioquia,MEDELLÍN
Antioquia,MEDELLÍN
Antioquia,MEDELLÍN
Antioquia,MEDELLÍN
Antioquia,MEDELLÍN
Antioquia,MEDELLÍN
Antioquia,MEDELLÍN
Antioquia,MEDELLÍN
Antioquia,MEDELLÍN
Antioquia,MEDELLÍN
Antioquia,MEDELLÍN
Antioquia,MEDELLÍN
Antioquia,MONTEBELLO
Antioquia,MURINDÓ
Antioquia,MUTATÁ
Antioquia,NARIÑO
Antioquia,NECHÍ
Antioquia,NECOCLÍ
Antioquia,OLAYA
Antioquia,PEÑOL
Antioquia,PEQUE
Antioquia,PUEBLORRICO
Antioquia,PUERTO NARE
Antioquia,REMEDIOS
Antioquia,RIONEGRO
Antioquia,SABANALARGA
Antioquia,SABANETA
Antioquia,SALGAR
Antioquia,SAN ANDRÉS
Antioquia,SAN CARLOS
Antioquia,SAN FRANCISCO
Antioquia,SAN JERÓNIMO
Antioquia,SAN JOSÉ DE LA MONTAÑA
Antioquia,SAN JUAN DE URABÁ
Antioquia,SAN LUIS
Antioquia,SAN PEDRO
Antioquia,SAN PEDRO DE URABA
Antioquia,SAN RAFAEL
Antioquia,SAN ROQUE
Antioquia,SANTA BÁRBARA
Antioquia,SANTAFÉ DE ANTIOQUIA
Antioquia,SANTO DOMINGO
Antioquia,SEGOVIA
Antioquia,SONSON
Antioquia,SOPETRÁN
Antioquia,TÁMESIS
Antioquia,TARAZÁ
Antioquia,TARSO
Antioquia,TITIRIBÍ
Antioquia,TOLEDO
Antioquia,TURBO
Antioquia,URAMITA
Antioquia,URRAO
Antioquia,VALDIVIA
Antioquia,VALPARAÍSO
Antioquia,VEGACHÍ
Antioquia,VENECIA
Antioquia,VIGÍA DEL FUERTE
Antioquia,YALÍ
Antioquia,YARUMAL
Antioquia,YOLOMBÓ
Antioquia,YONDÓ
Arauca,ARAUCA
Arauca,ARAUCA
Arauca,ARAUCA
Arauca,ARAUQUITA
Arauca,SARAVENA
Arauca,TAME
Atlántico,BARANOA
Atlántico,BARRANQUILLA
Atlántico,BARRANQUILLA
Atlántico,BARRANQUILLA
Atlántico,BARRANQUILLA
Atlántico,CAMPO DE LA CRUZ
Atlántico,CANDELARIA
Atlántico,GALAPA
Atlántico,JUAN DE ACOSTA
Atlántico,LURUACO
Atlántico,MALAMBO
Atlántico,MANATÍ
Atlántico,PALMAR DE VARELA
Atlántico,PIOJÓ
Atlántico,POLONUEVO
Atlántico,PONEDERA
Atlántico,PUERTO COLOMBIA
Atlántico,REPELÓN
Atlántico,SABANAGRANDE
Atlántico,SABANALARGA
Atlántico,SABANALARGA
Atlántico,SANTA LUCÍA
Atlántico,SANTO TOMÁS
Atlántico,SOLEDAD
Atlántico,SOLEDAD
Atlántico,SOLEDAD
Atlántico,SUAN
Atlántico,TUBARÁ
Atlántico,USIACURÍ
Bogotá D.C,BOGOTÁ
Bogotá D.C,BOGOTÁ
Bogotá D.C,BOGOTÁ
Bogotá D.C,BOGOTÁ
Bogotá D.C,BOGOTÁ
Bogotá D.C,BOGOTÁ
Bogotá D.C,BOGOTÁ
Bogotá D.C,BOGOTÁ
Bogotá D.C,BOGOTÁ
Bogotá D.C,BOGOTÁ
Bogotá D.C,BOGOTÁ
Bogotá D.C,BOGOTÁ
Bogotá D.C,BOGOTÁ
Bogotá D.C,BOGOTÁ
Bogotá D.C,BOGOTÁ
Bogotá D.C,BOGOTÁ
Bogotá D.C,BOGOTÁ
Bogotá D.C,BOGOTÁ
Bogotá D.C,BOGOTÁ
Bogotá D.C,BOGOTÁ
Bogotá D.C,BOGOTÁ
Bogotá D.C,BOGOTÁ
Bogotá D.C,BOGOTÁ
Bogotá D.C,BOGOTÁ
Bogotá D.C,BOGOTÁ
Bogotá D.C,BOGOTÁ
Bogotá D.C,BOGOTÁ
Bogotá D.C,BOGOTÁ
Bogotá D.C,BOGOTÁ
Bogotá D.C,BOGOTÁ
Bogotá D.C,BOGOTÁ
Bogotá D.C,BOGOTÁ
Bogotá D.C,BOGOTÁ
Bogotá D.C,BOGOTÁ
Bogotá D.C,BOGOTÁ
Bolívar,ACHÍ
Bolívar,ALTOS DEL ROSARIO
Bolívar,ARENAL
Bolívar,ARJONA
Bolívar,ARROYOHONDO
Bolívar,BARRANCO DE LOBA
Bolívar,CALAMAR
Bolívar,CANTAGALLO
Bolívar,CARTAGENA
Bolívar,CARTAGENA
Bolívar,CARTAGENA
Bolívar,CARTAGENA
Bolívar,CARTAGENA
Bolívar,CARTAGENA
Bolívar,CARTAGENA
Bolívar,CICUCO
Bolívar,CÓRDOBA
Bolívar,EL CARMEN DE BOLÍVAR
Bolívar,EL CARMEN DE BOLÍVAR
Bolívar,EL PEÑÓN
Bolívar,HATILLO DE LOBA
Bolívar,MAGANGUÉ
Bolívar,MAGANGUÉ
Bolívar,MAHATES
Bolívar,MARÍA LA BAJA
Bolívar,MOMPÓS
Bolívar,MONTECRISTO
Bolívar,MORALES
Bolívar,PINILLOS
Bolívar,RÍO VIEJO
Bolívar,SAN ESTANISLAO
Bolívar,SAN FERNANDO
Bolívar,SAN JACINTO
Bolívar,SAN JACINTO DEL CAUCA
Bolívar,SAN JUAN NEPOMUCENO
Bolívar,SAN MARTÍN DE LOBA
Bolívar,SAN PABLO
Bolívar,SANTA CATALINA
Bolívar,SANTA ROSA
Bolívar,SANTA ROSA DEL SUR
Bolívar,SIMITÍ
Bolívar,SOPLAVIENTO
Bolívar,TALAIGUA NUEVO
Bolívar,TIQUISIO
Bolívar,TURBACO
Bolívar,TURBANA
Bolívar,ZAMBRANO
Boyacá,AQUITANIA
Boyacá,ARCABUCO
Boyacá,BELÉN
Boyacá,BERBEO
Boyacá,BETÉITIVA
Boyacá,BOYACÁ
Boyacá,BRICEÑO
Boyacá,BUENAVISTA
Boyacá,CALDAS
Boyacá,CAMPOHERMOSO
Boyacá,CERINZA
Boyacá,CHIQUINQUIRÁ
Boyacá,CHÍQUIZA
Boyacá,CHITARAQUE
Boyacá,CHIVATÁ
Boyacá,CIÉNEGA
Boyacá,CÓMBITA
Boyacá,COPER
Boyacá,CORRALES
Boyacá,CUBARÁ
Boyacá,CUCAITA
Boyacá,CUÍTIVA
Boyacá,DUITAMA
Boyacá,DUITAMA
Boyacá,EL COCUY
Boyacá,FIRAVITOBA
Boyacá,FLORESTA
Boyacá,GACHANTIVÁ
Boyacá,GAMEZA
Boyacá,GUATEQUE
Boyacá,GÜICÁN
Boyacá,IZA
Boyacá,JENESANO
Boyacá,JERICÓ
Boyacá,LA CAPILLA
Boyacá,LA UVITA
Boyacá,LABRANZAGRANDE
Boyacá,MACANAL
Boyacá,MARIPÍ
Boyacá,MIRAFLORES
Boyacá,MONGUA
Boyacá,MONGUÍ
Boyacá,MONIQUIRÁ
Boyacá,MOTAVITA
Boyacá,MUZO
Boyacá,NOBSA
Boyacá,NUEVO COLÓN
Boyacá,OICATÁ
Boyacá,OTANCHE
Boyacá,PACHAVITA
Boyacá,PÁEZ
Boyacá,PAIPA
Boyacá,PAUNA
Boyacá,PAYA
Boyacá,PAZ DE RÍO
Boyacá,PESCA
Boyacá,PISBA
Boyacá,PUERTO BOYACÁ
Boyacá,QUÍPAMA
Boyacá,RAMIRIQUÍ
Boyacá,RÁQUIRA
Boyacá,RONDÓN
Boyacá,SABOYÁ
Boyacá,SÁCHICA
Boyacá,SAMACÁ
Boyacá,SAN EDUARDO
Boyacá,SAN JOSÉ DE PARE
Boyacá,SAN LUIS DE GACENO
Boyacá,SAN MIGUEL DE SEMA
Boyacá,SAN PABLO DE BORBUR
Boyacá,SANTA SOFÍA
Boyacá,SANTANA
Boyacá,SIACHOQUE
Boyacá,SOATÁ
Boyacá,SOCHA
Boyacá,SOCOTÁ
Boyacá,SOGAMOSO
Boyacá,SOGAMOSO
Boyacá,SOGAMOSO
Boyacá,SOMONDOCO
Boyacá,SORA
Boyacá,SORACÁ
Boyacá,SOTAQUIRÁ
Boyacá,SUSACÓN
Boyacá,SUTAMARCHÁN
Boyacá,TASCO
Boyacá,TIBANÁ
Boyacá,TIBASOSA
Boyacá,TINJACÁ
Boyacá,TIPACOQUE
Boyacá,TOCA
Boyacá,TOGÜÍ
Boyacá,TÓPAGA
Boyacá,TOTA
Boyacá,TUNJA
Boyacá,TUNJA
Boyacá,TUNJA
Boyacá,TUNJA
Boyacá,TUNJA
Boyacá,TUNUNGUÁ
Boyacá,TURMEQUÉ
Boyacá,TUTA
Boyacá,TUTAZÁ
Boyacá,UMBITA
Boyacá,VENTAQUEMADA
Boyacá,VILLA DE LEYVA
Boyacá,VIRACACHÁ
Boyacá,ZETAQUIRA
Caldas,AGUADAS
Caldas,ANSERMA
Caldas,ARANZAZU
Caldas,BELALCÁZAR
Caldas,CHINCHINÁ
Caldas,FILADELFIA
Caldas,LA DORADA
Caldas,LA DORADA
Caldas,LA MERCED
Caldas,MANIZALES
Caldas,MANIZALES
Caldas,MANIZALES
Caldas,MANIZALES
Caldas,MANIZALES
Caldas,MANIZALES
Caldas,MANIZALES
Caldas,MANIZALES
Caldas,MANIZALES
Caldas,MANIZALES
Caldas,MANZANARES
Caldas,MARMATO
Caldas,MARQUETALIA
Caldas,MARULANDA
Caldas,NEIRA
Caldas,NORCASIA
Caldas,PÁCORA
Caldas,PENSILVANIA
Caldas,RIOSUCIO
Caldas,RIOSUCIO
Caldas,RISARALDA
Caldas,SALAMINA
Caldas,SAMANÁ
Caldas,SAN JOSÉ
Caldas,SUPÍA
Caldas,SUPÍA
Caldas,VICTORIA
Caldas,VILLAMARÍA
Caldas,VITERBO
Caquetá,BELÉN DE LOS ANDAQUIES
Caquetá,EL DONCELLO
Caquetá,FLORENCIA
Caquetá,FLORENCIA
Caquetá,FLORENCIA
Caquetá,FLORENCIA
Caquetá,SAN VICENTE DEL CAGUÁN
Caquetá,SAN VICENTE DEL CAGUÁN
Caquetá,VALPARAÍSO
Casanare,AGUAZUL
Casanare,HATO COROZAL
Casanare,TAURAMENA
Casanare,VILLANUEVA
Casanare,YOPAL
Casanare,YOPAL
Cauca,BOLÍVAR
Cauca,BUENOS AIRES
Cauca,CALDONO
Cauca,CALOTO
Cauca,EL TAMBO
Cauca,GUAPI
Cauca,INZÁ
Cauca,JAMBALÓ
Cauca,LA VEGA
Cauca,PAEZ
Cauca,PAEZ
Cauca,PATÍA
Cauca,PIENDAMÓ
Cauca,POPAYÁN
Cauca,POPAYÁN
Cauca,POPAYÁN
Cauca,POPAYÁN
Cauca,POPAYÁN
Cauca,POPAYÁN
Cauca,POPAYÁN
Cauca,POPAYÁN
Cauca,POPAYÁN
Cauca,PUERTO TEJADA
Cauca,ROSAS
Cauca,SANTANDER DE QUILICHAO
Cauca,SANTANDER DE QUILICHAO
Cauca,SANTANDER DE QUILICHAO
Cauca,SILVIA
Cauca,SILVIA
Cauca,TIMBÍO
Cauca,TIMBIQUÍ
Cauca,TORIBIO
Cauca,TOTORÓ
Cesar,AGUACHICA
Cesar,AGUACHICA
Cesar,AGUSTÍN CODAZZI
Cesar,ASTREA
Cesar,BECERRIL
Cesar,BOSCONIA
Cesar,CHIMICHAGUA
Cesar,CHIRIGUANÁ
Cesar,CURUMANÍ
Cesar,EL COPEY
Cesar,EL PASO
Cesar,GAMARRA
Cesar,GONZÁLEZ
Cesar,LA GLORIA
Cesar,LA JAGUA DE IBIRICO
Cesar,LA PAZ
Cesar,MANAURE
Cesar,PAILITAS
Cesar,PELAYA
Cesar,PUEBLO BELLO
Cesar,RÍO DE ORO
Cesar,SAN ALBERTO
Cesar,SAN DIEGO
Cesar,SAN MARTÍN
Cesar,TAMALAMEQUE
Cesar,VALLEDUPAR
Cesar,VALLEDUPAR
Cesar,VALLEDUPAR
Cesar,VALLEDUPAR
Cesar,VALLEDUPAR
Cesar,VALLEDUPAR
Cesar,VALLEDUPAR
Chocó,CONDOTO
Chocó,EL CARMEN DE ATRATO
Chocó,ISTMINA
Chocó,QUIBDÓ
Chocó,QUIBDÓ
Chocó,QUIBDÓ
Chocó,RIOSUCIO
Chocó,TADÓ
Córdoba,AYAPEL
Córdoba,BUENAVISTA
Córdoba,CANALETE
Córdoba,CERETÉ
Córdoba,CERETÉ
Córdoba,CHIMÁ
Córdoba,CHINÚ
Córdoba,CIÉNAGA DE ORO
Córdoba,COTORRA
Córdoba,LA APARTADA
Córdoba,LORICA
Córdoba,LORICA
Córdoba,LOS CÓRDOBAS
Córdoba,MOMIL
Córdoba,MONTELÍBANO
Córdoba,MONTERÍA
Córdoba,MONTERÍA
Córdoba,MONTERÍA
Córdoba,MONTERÍA
Córdoba,MOÑITOS
Córdoba,PLANETA RICA
Córdoba,PUEBLO NUEVO
Córdoba,PUERTO ESCONDIDO
Córdoba,PUERTO LIBERTADOR
Córdoba,PURÍSIMA
Córdoba,SAHAGÚN
Córdoba,SAHAGÚN
Córdoba,SAN ANDRÉS SOTAVENTO
Córdoba,SAN ANDRÉS SOTAVENTO
Córdoba,SAN ANTERO
Córdoba,SAN BERNARDO DEL VIENTO
Córdoba,SAN PELAYO
Córdoba,TIERRALTA
Córdoba,VALENCIA
Cundinamarca,AGUA DE DIOS
Cundinamarca,ANOLAIMA
Cundinamarca,ARBELÁEZ
Cundinamarca,CAJICÁ
Cundinamarca,CAJICÁ
Cundinamarca,CAQUEZA
Cundinamarca,CARMEN DE CARUPA
Cundinamarca,CHÍA
Cundinamarca,CHOCONTÁ
Cundinamarca,CUCUNUBÁ
Cundinamarca,EL COLEGIO
Cundinamarca,EL PEÑÓN
Cundinamarca,FACATATIVÁ
Cundinamarca,FOMEQUE
Cundinamarca,FOSCA
Cundinamarca,FUNZA
Cundinamarca,FUSAGASUGÁ
Cundinamarca,GACHETÁ
Cundinamarca,GUACHETÁ
Cundinamarca,GUADUAS
Cundinamarca,GUATAVITA
Cundinamarca,JUNÍN
Cundinamarca,LA MESA
Cundinamarca,LA MESA
Cundinamarca,LA PALMA
Cundinamarca,LA VEGA
Cundinamarca,MADRID
Cundinamarca,MEDINA
Cundinamarca,MOSQUERA
Cundinamarca,NEMOCÓN
Cundinamarca,NIMAIMA
Cundinamarca,PACHO
Cundinamarca,PUERTO SALGAR
Cundinamarca,RICAURTE
Cundinamarca,SAN ANTONIO DEL TEQUENDAMA
Cundinamarca,SAN FRANCISCO
Cundinamarca,SAN JUAN DE RÍO SECO
Cundinamarca,SASAIMA
Cundinamarca,SESQUILÉ
Cundinamarca,SIBATÉ
Cundinamarca,SILVANIA
Cundinamarca,SOACHA
Cundinamarca,SOACHA
Cundinamarca,SOPÓ
Cundinamarca,SUESCA
Cundinamarca,TABIO
Cundinamarca,TAUSA
Cundinamarca,TENJO
Cundinamarca,TOCAIMA
Cundinamarca,UNE
Cundinamarca,VERGARA
Cundinamarca,VIANÍ
Cundinamarca,VILLA DE SAN DIEGO DE UBATE
Cundinamarca,VILLETA
Cundinamarca,VIOTÁ
Cundinamarca,ZIPAQUIRÁ
Guaviare,SAN JOSÉ DEL GUAVIARE
Guaviare,SAN JOSÉ DEL GUAVIARE
Huila,ACEVEDO
Huila,AGRADO
Huila,AIPE
Huila,ALGECIRAS
Huila,BARAYA
Huila,CAMPOALEGRE
Huila,COLOMBIA
Huila,ELÍAS
Huila,GARZÓN
Huila,GARZÓN
Huila,GIGANTE
Huila,GUADALUPE
Huila,HOBO
Huila,IQUIRA
Huila,ISNOS
Huila,LA ARGENTINA
Huila,LA PLATA
Huila,LA PLATA
Huila,LA PLATA
Huila,NÁTAGA
Huila,NEIVA
Huila,NEIVA
Huila,NEIVA
Huila,NEIVA
Huila,OPORAPA
Huila,PAICOL
Huila,PALERMO
Huila,PALESTINA
Huila,PITAL
Huila,PITALITO
Huila,PITALITO
Huila,RIVERA
Huila,SALADOBLANCO
Huila,SAN AGUSTÍN
Huila,SANTA MARÍA
Huila,SUAZA
Huila,TARQUI
Huila,TELLO
Huila,TERUEL
Huila,TESALIA
Huila,TIMANÁ
Huila,VILLAVIEJA
Huila,YAGUARÁ
La Guajira,ALBANIA
La Guajira,BARRANCAS
La Guajira,DIBULLA
La Guajira,DIBULLA
La Guajira,DISTRACCIÓN
La Guajira,EL MOLINO
La Guajira,FONSECA
La Guajira,HATONUEVO
La Guajira,LA JAGUA DEL PILAR
La Guajira,MAICAO
La Guajira,MAICAO
La Guajira,MAICAO
La Guajira,MAICAO
La Guajira,MAICAO
La Guajira,MAICAO
La Guajira,MAICAO
La Guajira,MAICAO
La Guajira,MAICAO
La Guajira,MAICAO
La Guajira,MANAURE
La Guajira,MANAURE
La Guajira,RIOHACHA
La Guajira,RIOHACHA
La Guajira,RIOHACHA
La Guajira,RIOHACHA
La Guajira,RIOHACHA
La Guajira,RIOHACHA
La Guajira,RIOHACHA
La Guajira,RIOHACHA
La Guajira,RIOHACHA
La Guajira,RIOHACHA
La Guajira,RIOHACHA
La Guajira,RIOHACHA
La Guajira,RIOHACHA
La Guajira,RIOHACHA
La Guajira,RIOHACHA
La Guajira,RIOHACHA
La Guajira,RIOHACHA
La Guajira,RIOHACHA
La Guajira,RIOHACHA
La Guajira,SAN JUAN DEL CESAR
La Guajira,URIBIA
La Guajira,URIBIA
La Guajira,URIBIA
La Guajira,URIBIA
La Guajira,URUMITA
La Guajira,VILLANUEVA
Magdalena,ALGARROBO
Magdalena,ARACATACA
Magdalena,ARIGUANÍ
Magdalena,CERRO SAN ANTONIO
Magdalena,CHIBOLO
Magdalena,CIÉNAGA
Magdalena,CONCORDIA
Magdalena,EL BANCO
Magdalena,EL BANCO
Magdalena,EL PIÑON
Magdalena,EL RETÉN
Magdalena,FUNDACIÓN
Magdalena,FUNDACIÓN
Magdalena,FUNDACIÓN
Magdalena,GUAMAL
Magdalena,NUEVA GRANADA
Magdalena,PEDRAZA
Magdalena,PIJIÑO DEL CARMEN
Magdalena,PIVIJAY
Magdalena,PLATO
Magdalena,PLATO
Magdalena,PUEBLOVIEJO
Magdalena,REMOLINO
Magdalena,SABANAS DE SAN ANGEL
Magdalena,SALAMINA
Magdalena,SAN SEBASTIÁN DE BUENAVISTA
Magdalena,SAN ZENÓN
Magdalena,SANTA ANA
Magdalena,SANTA BÁRBARA DE PINTO
Magdalena,SANTA MARTA
Magdalena,SANTA MARTA
Magdalena,SANTA MARTA
Magdalena,SANTA MARTA
Magdalena,SANTA MARTA
Magdalena,SANTA MARTA
Magdalena,SITIONUEVO
Magdalena,TENERIFE
Magdalena,ZAPAYÁN
Magdalena,ZONA BANANERA
Meta,ACACÍAS
Meta,CASTILLA LA NUEVA
Meta,CUBARRAL
Meta,EL DORADO
Meta,FUENTE DE ORO
Meta,GRANADA
Meta,GRANADA
Meta,GUAMAL
Meta,PUERTO LÓPEZ
Meta,PUERTO RICO
Meta,RESTREPO
Meta,SAN CARLOS DE GUAROA
Meta,SAN CARLOS DE GUAROA
Meta,SAN MARTÍN
Meta,VILLAVICENCIO
Meta,VILLAVICENCIO
Meta,VILLAVICENCIO
Meta,VILLAVICENCIO
Nariño,ALBÁN
Nariño,ALDANA
Nariño,ANCUYÁ
Nariño,ARBOLEDA
Nariño,BARBACOAS
Nariño,BARBACOAS
Nariño,BELÉN
Nariño,BUESACO
Nariño,CHACHAGÜÍ
Nariño,COLÓN
Nariño,CONSACA
Nariño,CONTADERO
Nariño,CÓRDOBA
Nariño,CÓRDOBA
Nariño,CUASPUD
Nariño,CUASPUD
Nariño,CUMBAL
Nariño,CUMBAL
Nariño,CUMBAL
Nariño,CUMBITARA
Nariño,EL CHARCO
Nariño,EL PEÑOL
Nariño,EL ROSARIO
Nariño,EL TABLÓN DE GÓMEZ
Nariño,EL TABLÓN DE GÓMEZ
Nariño,EL TAMBO
Nariño,FRANCISCO PIZARRO
Nariño,FUNES
Nariño,GUACHUCAL
Nariño,GUACHUCAL
Nariño,GUACHUCAL
Nariño,GUAITARILLA
Nariño,GUALMATÁN
Nariño,ILES
Nariño,IMUÉS
Nariño,IPIALES
Nariño,IPIALES
Nariño,IPIALES
Nariño,IPIALES
Nariño,IPIALES
Nariño,LA CRUZ
Nariño,LA FLORIDA
Nariño,LA LLANADA
Nariño,LA TOLA
Nariño,LA UNIÓN
Nariño,LA UNIÓN
Nariño,LEIVA
Nariño,LINARES
Nariño,LOS ANDES
Nariño,MAGÜI
Nariño,MALLAMA
Nariño,MOSQUERA
Nariño,NARIÑO
Nariño,OLAYA HERRERA
Nariño,OSPINA
Nariño,PASTO
Nariño,PASTO
Nariño,PASTO
Nariño,PASTO
Nariño,PASTO
Nariño,PASTO
Nariño,POLICARPA
Nariño,POLICARPA
Nariño,POTOSÍ
Nariño,PROVIDENCIA
Nariño,PUERRES
Nariño,PUPIALES
Nariño,RICAURTE
Nariño,ROBERTO PAYÁN
Nariño,SAMANIEGO
Nariño,SAN BERNARDO
Nariño,SAN LORENZO
Nariño,SAN PABLO
Nariño,SAN PEDRO DE CARTAGO
Nariño,SANDONÁ
Nariño,SANTA BÁRBARA
Nariño,SANTACRUZ
Nariño,SANTACRUZ
Nariño,SAPUYES
Nariño,TAMINANGO
Nariño,TANGUA
Nariño,TUMACO
Nariño,TUMACO
Nariño,TÚQUERRES
Nariño,YACUANQUER
Norte de Santander,ABREGO
Norte de Santander,CACHIRÁ
Norte de Santander,CHINÁCOTA
Norte de Santander,CÚCUTA
Norte de Santander,CÚCUTA
Norte de Santander,CÚCUTA
Norte de Santander,CÚCUTA
Norte de Santander,CÚCUTA
Norte de Santander,CÚCUTA
Norte de Santander,CÚCUTA
Norte de Santander,EL ZULIA
Norte de Santander,GRAMALOTE
Norte de Santander,HERRÁN
Norte de Santander,LA PLAYA
Norte de Santander,LOS PATIOS
Norte de Santander,OCAÑA
Norte de Santander,PAMPLONA
Norte de Santander,PAMPLONA
Norte de Santander,PAMPLONA
Norte de Santander,TIBÚ
Norte de Santander,VILLA DEL ROSARIO
Putumayo,COLÓN
Putumayo,LEGUÍZAMO
Putumayo,MOCOA
Putumayo,MOCOA
Putumayo,ORITO
Putumayo,PUERTO ASÍS
Putumayo,PUERTO CAICEDO
Putumayo,PUERTO GUZMÁN
Putumayo,SAN MIGUEL
Putumayo,VALLE DEL GUAMUEZ
Putumayo,VILLAGARZÓN
Quindío,ARMENIA
Quindío,ARMENIA
Quindío,ARMENIA
Quindío,ARMENIA
Quindío,BUENAVISTA
Quindío,CALARCA
Quindío,CIRCASIA
Quindío,CÓRDOBA
Quindío,FILANDIA
Quindío,FILANDIA
Quindío,GÉNOVA
Quindío,LA TEBAIDA
Quindío,MONTENEGRO
Quindío,PIJAO
Quindío,QUIMBAYA
Quindío,SALENTO
Risaralda,APÍA
Risaralda,BALBOA
Risaralda,BELÉN DE UMBRÍA
Risaralda,DOSQUEBRADAS
Risaralda,GUÁTICA
Risaralda,LA CELIA
Risaralda,LA VIRGINIA
Risaralda,MARSELLA
Risaralda,MISTRATÓ
Risaralda,PEREIRA
Risaralda,PEREIRA
Risaralda,PEREIRA
Risaralda,PEREIRA
Risaralda,PEREIRA
Risaralda,PEREIRA
Risaralda,PUEBLO RICO
Risaralda,QUINCHÍA
Risaralda,SANTA ROSA DE CABAL
Risaralda,SANTUARIO
San Andrés y Providencia,SAN ANDRÉS
Santander,AGUADA
Santander,ALBANIA
Santander,ARATOCA
Santander,BARBOSA
Santander,BARICHARA
Santander,BARRANCABERMEJA
Santander,BARRANCABERMEJA
Santander,BETULIA
Santander,BOLÍVAR
Santander,BUCARAMANGA
Santander,BUCARAMANGA
Santander,BUCARAMANGA
Santander,BUCARAMANGA
Santander,BUCARAMANGA
Santander,BUCARAMANGA
Santander,BUCARAMANGA
Santander,BUCARAMANGA
Santander,CABRERA
Santander,CALIFORNIA
Santander,CAPITANEJO
Santander,CEPITÁ
Santander,CERRITO
Santander,CHARALÁ
Santander,CHARTA
Santander,CHIMA
Santander,CHIPATÁ
Santander,CHIPATÁ
Santander,CIMITARRA
Santander,CONCEPCIÓN
Santander,CONFINES
Santander,CONTRATACIÓN
Santander,COROMORO
Santander,CURITÍ
Santander,EL CARMEN DE CHUCURÍ
Santander,EL GUACAMAYO
Santander,EL PEÑÓN
Santander,EL PLAYÓN
Santander,ENCINO
Santander,ENCISO
Santander,FLORIÁN
Santander,FLORIDABLANCA
Santander,FLORIDABLANCA
Santander,GALÁN
Santander,GIRÓN
Santander,GUACA
Santander,GUACA
Santander,GUADALUPE
Santander,GUAPOTÁ
Santander,GUAVATÁ
Santander,GÜEPSA
Santander,LA BELLEZA
Santander,LA PAZ
Santander,LANDÁZURI
Santander,LEBRÍJA
Santander,LOS SANTOS
Santander,MACARAVITA
Santander,MÁLAGA
Santander,MATANZA
Santander,MOGOTES
Santander,MOLAGAVITA
Santander,OCAMONTE
Santander,OIBA
Santander,ONZAGA
Santander,PALMAR
Santander,PÁRAMO
Santander,PIEDECUESTA
Santander,PINCHOTE
Santander,PUENTE NACIONAL
Santander,PUERTO PARRA
Santander,PUERTO WILCHES
Santander,RIONEGRO
Santander,SABANA DE TORRES
Santander,SABANA DE TORRES
Santander,SAN ANDRÉS
Santander,SAN BENITO
Santander,SAN GIL
Santander,SAN JOAQUÍN
Santander,SAN JOSÉ DE MIRANDA
Santander,SAN MIGUEL
Santander,SANTA BÁRBARA
Santander,SANTA HELENA DEL OPÓN
Santander,SIMACOTA
Santander,SOCORRO
Santander,SUAITA
Santander,SUCRE
Santander,SURATÁ
Santander,TONA
Santander,VALLE DE SAN JOSÉ
Santander,VÉLEZ
Santander,VETAS
Santander,VILLANUEVA
Sucre,BUENAVISTA
Sucre,CAIMITO
Sucre,COLOSO
Sucre,COROZAL
Sucre,COROZAL
Sucre,EL ROBLE
Sucre,GALERAS
Sucre,GUARANDA
Sucre,LA UNIÓN
Sucre,LOS PALMITOS
Sucre,MAJAGUAL
Sucre,MORROA
Sucre,OVEJAS
Sucre,PALMITO
Sucre,SAMPUÉS
Sucre,SAN BENITO ABAD
Sucre,SAN JUAN DE BETULIA
Sucre,SAN MARCOS
Sucre,SAN MARCOS
Sucre,SAN ONOFRE
Sucre,SAN PEDRO
Sucre,SANTIAGO DE TOLÚ
Sucre,SINCÉ
Sucre,SINCELEJO
Sucre,SINCELEJO
Sucre,SINCELEJO
Sucre,SINCELEJO
Sucre,SINCELEJO
Sucre,SINCELEJO
Sucre,SINCELEJO
Sucre,SINCELEJO
Sucre,SINCELEJO
Sucre,SUCRE
Sucre,TOLÚ VIEJO
Tolima,ALPUJARRA
Tolima,ALVARADO
Tolima,AMBALEMA
Tolima,ANZOÁTEGUI
Tolima,ARMERO
Tolima,ATACO
Tolima,CAJAMARCA
Tolima,CARMEN DE APICALÁ
Tolima,CASABIANCA
Tolima,CHAPARRAL
Tolima,CHAPARRAL
Tolima,COELLO
Tolima,COYAIMA
Tolima,CUNDAY
Tolima,DOLORES
Tolima,ESPINAL
Tolima,ESPINAL
Tolima,ESPINAL
Tolima,FALAN
Tolima,FLANDES
Tolima,FRESNO
Tolima,GUAMO
Tolima,HERVEO
Tolima,HONDA
Tolima,IBAGUÉ
Tolima,IBAGUÉ
Tolima,IBAGUÉ
Tolima,IBAGUÉ
Tolima,IBAGUÉ
Tolima,IBAGUÉ
Tolima,IBAGUÉ
Tolima,ICONONZO
Tolima,LÉRIDA
Tolima,LÉRIDA
Tolima,LÍBANO
Tolima,MARIQUITA
Tolima,MELGAR
Tolima,MURILLO
Tolima,NATAGAIMA
Tolima,ORTEGA
Tolima,PALOCABILDO
Tolima,PIEDRAS
Tolima,PLANADAS
Tolima,PRADO
Tolima,PURIFICACIÓN
Tolima,RIOBLANCO
Tolima,RONCESVALLES
Tolima,ROVIRA
Tolima,SALDAÑA
Tolima,SAN ANTONIO
Tolima,SAN LUIS
Tolima,SANTA ISABEL
Tolima,SUÁREZ
Tolima,VALLE DE SAN JUAN
Tolima,VENADILLO
Tolima,VILLAHERMOSA
Tolima,VILLARRICA
Valle del cauca,ALCALÁ
Valle del cauca,ANDALUCÍA
Valle del cauca,ANDALUCÍA
Valle del cauca,ANSERMANUEVO
Valle del cauca,ARGELIA
Valle del cauca,BOLÍVAR
Valle del cauca,BUENAVENTURA
Valle del cauca,BUENAVENTURA
Valle del cauca,BUENAVENTURA
Valle del cauca,BUGALAGRANDE
Valle del cauca,CAICEDONIA
Valle del cauca,CALI
Valle del cauca,CALI
Valle del cauca,CALI
Valle del cauca,CALI
Valle del cauca,CALI
Valle del cauca,CALI
Valle del cauca,CALI
Valle del cauca,CALI
Valle del cauca,CALI
Valle del cauca,CALI
Valle del cauca,CALI
Valle del cauca,CALI
Valle del cauca,CALI
Valle del cauca,CALIMA
Valle del cauca,CANDELARIA
Valle del cauca,CARTAGO
Valle del cauca,DAGUA
Valle del cauca,EL ÁGUILA
Valle del cauca,EL CAIRO
Valle del cauca,EL CERRITO
Valle del cauca,EL DOVIO
Valle del cauca,FLORIDA
Valle del cauca,GINEBRA
Valle del cauca,GUACARÍ
Valle del cauca,GUADALAJARA DE BUGA
Valle del cauca,GUADALAJARA DE BUGA
Valle del cauca,JAMUNDÍ
Valle del cauca,JAMUNDÍ
Valle del cauca,LA CUMBRE
Valle del cauca,LA UNIÓN
Valle del cauca,LA VICTORIA
Valle del cauca,OBANDO
Valle del cauca,PALMIRA
Valle del cauca,PALMIRA
Valle del cauca,PRADERA
Valle del cauca,RESTREPO
Valle del cauca,RIOFRÍO
Valle del cauca,ROLDANILLO
Valle del cauca,SAN PEDRO
Valle del cauca,SEVILLA
Valle del cauca,TORO
Valle del cauca,TRUJILLO
Valle del cauca,TULUÁ
Valle del cauca,TULUÁ
Valle del cauca,ULLOA
Valle del cauca,VERSALLES
Valle del cauca,VIJES
Valle del cauca,YOTOCO
Valle del cauca,YUMBO
Valle del cauca,ZARZAL
Vaupés,MITÚ
Vichada,CUMARIBO
Vichada,CUMARIBO
Vichada,PUERTO CARREÑO
